NUMBERS,PEPTIDE,DRUG_NAME,AA_MUTATION,TRANSCRYPT
0,MKHKVGGGQ,Imatinib,p.L267V,P00519-2
1,GGGQHGEVY,Imatinib,p.Y272H,P00519-2
2,GQYGVVYEG,Imatinib,p.E274V,P00519-2
3,FYIIIEFMT,Imatinib,p.T334I,P00519-2
4,GQYGKVYEG,Imatinib,p.E274K,P00519-2
5,ISSATEYLE,Imatinib,p.M370T,P00519-2
6,GLSRMMTGD,Imatinib,p.L406M,P00519-2
7,GGGQFGEVY,Imatinib,p.Y272F,P00519-2
8,TDITVKHKL,Imatinib,p.M263V,P00519-2
9,HKLGEGQYG,Imatinib,p.G269E,P00519-2
10,EKKNVIHRD,Imatinib,p.F378V,P00519-2
11,YELLAKDYR,Imatinib,p.E472A,P00519-2
12,DRPSSAEIH,Imatinib,p.F505S,P00519-2
13,EKKNCIHRD,Imatinib,p.F378C,P00519-2
14,IITELMTYG,Imatinib,p.F336L,P00519-2
15,TLKEGTMEV,Imatinib,p.D295G,P00519-2
16,LGGGHYGEV,Imatinib,p.Q271H,P00519-2
17,TYGMCPYPG,Imatinib,p.S457C,P00519-2
18,TYTAPAGAK,Imatinib,p.H415P,P00519-2
19,GLSRFMTGD,Imatinib,p.L406F,P00519-2
20,TYTARAGAK,Imatinib,p.H415R,P00519-2
21,FYIINEFMT,Imatinib,p.T334N,P00519-2
22,EDTMAVEEF,Imatinib,p.E298A,P00519-2
23,MEYLGKKNF,Imatinib,p.E374G,P00519-2
24,YNKFYIKSD,Imatinib,p.S436Y,P00519-2
25,DYRMGRPEG,Imatinib,p.E478G,P00519-2
26,TLKENTMEV,Imatinib,p.D295N,P00519-2
27,EKKNIIHRD,Imatinib,p.F378I,P00519-2
28,IITEVMTYG,Imatinib,p.F336V,P00519-2
29,DYRMKRPEG,Imatinib,p.E478K,P00519-2
